1,Vacuum cleaner,230,2000-06-27 11:57:03,936,616,176,620
2,Rubbish bin and bin bags,7296,1970-02-19 12:34:11,564,75,770,296
3,Toaster,1470,1983-04-12 03:29:26,52,442,430,3
4,Mop and bucket,2951,1987-03-16 02:01:40,547,946,596,174
5,Glass cleaner,915,1987-07-16 03:26:22,765,595,528,50
6,Rubbish bin and bin bags,1665,2015-03-25 06:37:03,430,215,520,338
7,Measuring tape,7733,2007-11-29 06:19:54,738,13,37,107
8,Washing-up liquid,3290,2012-09-25 20:17:40,65,358,688,711
9,Measuring tape,2774,2014-03-29 14:09:15,128,937,628,369
10,Washing-up liquid,7193,1979-12-24 21:27:36,983,387,222,806
11,Floor cleaner,7642,1986-04-15 00:57:30,705,897,167,210
12,Mop and bucket,9985,1975-10-12 00:57:58,788,956,897,834
13,Mixing bowl,8628,2000-12-24 14:35:27,279,581,107,497
14,Shower squeegee,3494,2018-07-21 07:57:19,786,766,910,905
15,Couch,7572,1986-11-09 20:49:39,698,643,784,637
16,Fire extinguisher,9858,1980-06-15 18:36:44,774,925,701,821
17,Toilet brush,1096,2018-09-21 05:25:19,200,323,314,910
18,Can opener,6523,2019-03-07 03:20:50,562,817,587,128
19,Sellotape,7227,1994-09-08 14:29:37,149,843,421,447
20,Bathroom mat,6244,1998-09-29 20:27:21,12,807,175,162
21,Nail scissors,5231,2011-09-26 13:37:11,285,149,829,828
22,Wiping cloths,5242,2008-06-08 19:01:01,388,14,201,559
23,A mirror,6863,2010-10-03 21:40:40,220,926,192,828
24,Plug extension leads,8460,1987-03-05 07:24:25,103,734,792,680
25,Pots and pans,6582,2013-02-10 10:57:21,83,382,774,670
26,Chairs,6979,1996-08-01 04:28:05,891,45,893,328
27,A TV cable,9706,1986-07-19 18:37:01,792,826,234,479
28,Sponge,9168,1992-03-16 08:30:56,521,250,600,356
29,Pots and pans,7415,1997-06-24 18:03:27,957,137,871,104
30,Toilet roll,4058,1980-05-16 07:00:42,643,402,678,354
31,Sponge,3912,1980-06-09 16:21:50,651,626,45,490
32,Mugs,9751,2005-08-15 10:16:43,56,253,223,395
33,Batteries,4607,1991-06-17 19:43:22,379,3,50,13
34,Pots and pans,3640,1991-06-08 23:34:07,745,853,285,988
35,Plasters,6940,1976-01-07 11:53:24,475,893,687,71
36,Floor cleaner,1735,1972-08-18 17:41:17,54,796,753,570
37,Coffee table,1569,2010-04-02 20:29:17,808,957,114,528
38,Scissors,6397,1990-06-01 10:00:10,170,162,791,829
39,Chest of drawers,3111,2009-05-26 08:00:50,175,479,215,856
40,Bandages,7674,2010-12-06 10:59:35,800,830,805,768
41,Smoke alarm,2920,1982-09-27 22:29:58,448,492,841,353
42,Nail scissors,9241,1984-09-24 18:46:20,893,212,341,795
43,Shower squeegee,9548,1996-06-10 11:09:18,821,364,583,808
44,Kitchen and bathroom spray,4434,2018-05-02 11:18:44,224,408,568,414
45,Torch,9614,2007-05-16 00:33:19,33,171,705,126
46,Pots and pans,9378,1989-10-14 20:34:56,48,983,394,579
47,Glass cleaner,7660,2001-02-14 08:22:24,416,967,875,237
48,Kitchen and bathroom spray,2329,2021-03-21 15:19:58,491,839,910,974
49,Salt and pepper shakers,306,1999-04-19 10:05:06,796,288,922,253
50,Coffee table,3208,2019-07-24 19:26:43,471,936,807,686
51,Floor cleaner,8302,2014-03-11 00:50:07,73,699,954,244
52,Toilet brush,5143,2000-08-15 08:39:32,362,1,279,872
53,Screws,7064,1994-04-16 20:57:56,514,129,946,589
54,Lamp,5749,2008-03-31 02:22:33,95,458,763,781
55,Paper,9215,2002-02-07 23:50:25,311,699,661,261
56,Pipes,5447,2006-05-13 06:36:02,567,654,857,601
57,Glasses,5503,2018-09-02 16:23:32,449,255,340,378
58,Toilet brush,6307,2003-11-18 18:44:45,256,723,63,8
59,Oven gloves,5155,2016-05-18 13:47:30,979,35,359,142
60,Floor cleaner,3907,1985-12-18 11:43:55,934,890,133,794
61,Glass cleaner,2339,2009-12-20 07:41:35,691,249,563,876
62,Limescale remover,4360,2021-10-01 06:01:50,781,248,962,235
63,Serving platter,9972,1996-11-02 05:52:13,463,930,332,24
64,Scales,2545,2015-12-05 17:54:45,31,248,146,672
65,Glass cleaner,6064,1971-10-09 12:59:03,55,809,56,459
66,Mugs,6423,1982-10-12 13:51:38,3,159,958,885
67,Bin,164,1993-07-16 22:26:19,889,271,943,21
68,TV,6075,2010-05-28 03:42:20,2,406,389,634
69,Couch,9380,2007-02-23 20:46:47,35,632,214,785
70,Curtains,3372,2019-06-25 13:00:55,486,311,50,75
71,Painkillers,5973,2000-06-07 17:20:51,146,630,352,248
72,Screws,9763,1998-08-09 11:01:04,589,449,16,1
73,Vegetable peeler,7941,2001-01-05 20:56:32,745,549,138,333
74,Scales,6890,2013-10-07 08:24:28,618,954,367,490
75,Thermometer,8971,1989-12-27 10:40:44,285,276,373,280
76,Measuring jug,4979,2000-01-20 00:53:59,145,30,129,125
77,Fire blanket,9648,2011-09-09 01:50:04,23,273,892,980
78,Couch,7560,2003-12-28 17:17:15,684,308,196,846
79,Duvet & pillows,9398,1976-09-05 05:27:47,710,30,403,353
80,Screwdrivers,6355,1990-08-14 16:41:09,315,151,975,475
81,Disinfectant,2417,2009-01-30 09:54:54,756,361,242,984
82,Sharp knives,5796,1990-01-04 12:31:59,426,531,976,1
83,Bath Tubs,8022,1971-05-05 15:00:08,415,424,64,998
84,Floor cleaner,3857,2010-10-02 15:47:28,480,83,614,373
85,Dustpan and brush,4111,2005-03-08 21:19:05,480,595,77,544
86,Bathroom spray,9872,2006-02-22 06:09:02,555,502,176,896
87,Kettle,1180,2001-01-22 21:24:43,509,858,447,151
88,Sharp knives,6111,1998-05-22 09:46:45,289,41,27,467
89,Bedside lamp,3148,2015-09-12 19:33:50,521,479,818,171
90,Wiping cloths,6250,1981-05-01 22:49:12,568,161,838,32
91,Sharp knives,9426,1977-08-13 10:04:52,971,906,886,138
92,Kettle,2406,1993-05-31 13:53:40,705,82,220,88
93,Spatula,1111,1991-04-15 01:42:47,582,116,744,69
94,Measuring jug,6767,2011-04-06 10:00:14,699,981,961,100
95,Torch,3194,1993-02-13 14:33:51,65,638,492,885
96,Scrubbers,5758,1979-03-31 05:22:39,997,54,278,774
97,Disinfectant,5059,2011-02-02 01:20:42,912,889,605,85
98,Pipes,2442,2000-07-26 03:13:14,598,920,597,663
99,Dustpan and brush,2907,1980-02-27 03:22:10,185,586,936,412
100,Mugs,8459,1991-05-25 04:22:37,468,5,362,941
101,Measuring jug,7254,2011-10-05 17:01:58,145,516,399,521
102,Pliers,8454,1985-10-21 17:16:37,829,263,414,695
103,Bedside lamp,4467,1980-11-29 15:40:20,389,68,18,228
104,Smoke alarm,66,1975-07-08 02:48:43,602,50,753,735
105,Chest of drawers,1791,1987-12-19 17:51:03,940,857,354,778
106,Pens,8818,1996-07-19 17:45:56,193,450,228,259
107,Screwdrivers,3255,1984-11-12 12:46:07,831,171,963,926
108,Salt and pepper shakers,9218,1983-08-15 06:50:18,188,951,35,326
109,Microwave,6176,2005-03-12 10:47:13,291,381,139,832
110,Oven gloves,1866,1996-09-20 06:03:45,895,579,252,877
111,Bedding,4829,2009-08-18 08:37:24,390,585,803,922
112,Bottle opener,8381,1997-07-20 03:39:09,93,917,749,531
113,Vacuum cleaner,8947,1988-11-09 16:53:37,451,797,144,905
114,Pipes,9949,1975-06-25 00:46:06,567,612,801,794
115,Wi-Fi,5315,2021-11-24 01:06:51,46,754,901,301
116,Fire extinguisher,7964,2009-02-22 06:15:49,627,700,112,876
117,Screwdrivers,3458,1977-03-27 16:35:23,847,433,335,487
118,Measuring jug,9154,2013-11-29 13:43:04,803,75,215,405
119,Toaster,7517,2001-09-11 15:02:37,840,487,873,582
120,Scissors,2708,2014-03-30 07:03:13,440,675,647,135
121,Towel,3136,2002-10-27 12:56:02,222,900,345,944
122,Carbon monoxide alarm,339,2021-08-02 10:59:23,361,601,727,970
123,Bottle opener,8538,1973-10-08 00:16:29,849,824,129,772
124,Hand towel,1043,2011-02-05 03:56:06,305,683,587,493
125,Hangers for your clothes,2500,1979-10-31 18:25:09,129,12,984,667
126,Duvet & pillows,2653,2000-06-02 09:27:00,364,407,261,869
127,Limescale remover,9196,2019-12-30 18:21:41,127,164,822,239
128,Sponge,9692,1976-03-29 12:47:40,550,980,543,329
129,Glass cleaner,4405,2014-07-19 01:54:22,430,687,893,248
130,Wi-Fi,9759,1985-04-10 07:52:57,573,305,992,419
131,Shower squeegee,2721,2022-08-27 08:34:20,361,188,384,417
132,Hammer,157,2000-06-26 14:26:16,344,242,532,996
133,Microwave,1920,1981-07-03 06:52:23,927,122,218,24
134,Bedside table,3505,2014-06-26 01:17:28,124,412,986,153
135,Plug extension leads,3619,1994-04-19 09:45:31,832,2,466,125
136,Toilet roll,6082,1987-10-10 10:15:39,559,34,356,448
137,Kitchen roll,400,1975-04-15 15:02:53,811,729,88,461
138,Mugs,4159,1978-03-26 09:53:28,312,452,737,272
139,Smoke alarm,5468,1997-04-26 06:55:45,881,693,198,608
140,Bandages,4533,2008-04-07 08:10:32,974,603,638,440
141,Toilet roll holder,9150,1971-08-29 22:21:29,467,22,55,152
142,Floor cleaner,9714,2012-04-03 08:03:29,823,818,366,460
143,Washing-up liquid,121,2016-01-05 16:33:10,681,773,780,939
144,Pliers,9036,1997-05-11 04:07:15,136,888,850,219
145,Feather duster,7046,2011-12-07 16:22:48,493,3,647,650
146,Pens,7561,2001-04-06 13:22:32,185,344,564,465
147,Soap,3178,1995-01-21 22:56:20,710,454,629,788
148,Mop and bucket,698,2022-02-26 00:16:43,730,471,740,704
149,Colander,4172,1995-02-04 23:04:40,637,896,899,870
150,Plug extension leads,4736,2009-06-13 12:08:16,532,700,232,120
151,Glasses,4963,1977-02-08 11:25:58,36,674,982,585
152,Lanterns,5477,2015-01-20 20:39:26,526,651,154,372
153,Colander,6914,2018-06-12 10:54:10,706,965,671,47
154,Painkillers,769,1990-10-27 23:14:24,235,488,935,428
155,Sellotape,3573,2011-09-29 22:45:47,355,649,495,872
156,Sponges,855,1991-11-26 03:01:15,939,290,842,405
157,Scrubbers,489,1995-09-18 19:51:53,80,214,426,407
158,Screwdrivers,8690,1985-08-28 06:58:33,323,468,471,725
159,Batteries,1136,2016-04-04 18:58:47,535,507,196,590
160,Spatula,3928,1975-08-09 12:58:50,933,720,316,168
161,A mirror,7634,2011-03-06 19:00:46,624,931,67,723
162,Couch,5520,1977-12-30 07:15:02,766,653,51,823
163,Torch,5776,1981-01-29 07:18:09,839,146,81,768
164,Can opener,7141,1984-03-02 08:01:16,959,338,451,665
165,Duvet & pillows,8451,1978-10-14 01:29:37,832,388,467,314
166,Sharp knives,6278,2000-08-29 12:54:53,39,157,560,16
167,Table,7387,1983-03-14 14:08:39,616,113,250,60
168,Screwdrivers,3151,1992-12-27 10:43:26,396,640,616,879
169,Lanterns,7563,1992-06-07 20:06:47,92,712,101,559
170,Chest of drawers,3298,1990-05-24 17:45:45,813,180,880,575
171,Bath Tubs,8118,1987-12-10 13:38:48,422,562,366,432
172,Baking tray,7344,1998-09-16 17:04:38,896,507,119,647
173,Limescale remover,4616,2005-01-29 05:18:36,799,841,353,9
174,Smoke alarm,8641,2002-11-15 05:32:03,712,395,614,627
175,Bedside lamp,6768,2013-09-18 07:09:55,869,816,800,4
176,Can opener,5633,1974-03-06 22:45:31,716,793,863,913
177,Vegetable peeler,6032,2013-10-26 10:02:03,269,429,301,946
178,Washing-up liquid,2547,2013-01-31 03:11:00,884,48,912,805
179,Toilet roll,650,2000-11-07 15:42:40,177,68,74,460
180,Fire extinguisher,9142,2003-08-01 02:59:39,146,7,46,267
181,Scrubbers,9312,2010-11-09 01:20:19,489,162,462,981
182,Bottle opener,5327,2000-03-03 10:00:04,733,582,886,751
183,Carbon monoxide alarm,2851,2001-11-18 18:31:49,200,874,244,180
184,Sponge,6089,1992-03-01 23:20:52,353,873,445,238
185,Toilet roll holder,9082,1977-06-09 13:24:35,557,236,173,359
186,Shower squeegee,3131,2012-07-17 15:30:45,974,704,324,504
187,Kitchen roll,7312,1994-03-30 21:07:59,339,50,466,889
188,Sharp knives,892,1974-06-24 19:29:22,619,93,949,434
189,Lanterns,2071,1981-08-04 16:27:50,85,157,249,103
190,Crockery,7470,1997-05-25 11:14:15,422,325,933,829
191,Serving platter,9201,2016-11-06 07:36:22,403,314,914,583
192,Pipes,7924,2022-07-10 15:29:12,916,37,266,988
193,Mugs,3137,1977-05-24 18:13:36,16,831,501,337
194,Duvet & pillows,1373,1986-11-26 19:17:01,624,172,127,174
195,Chairs,8732,1975-05-09 17:01:59,337,833,895,926
196,Bathroom mat,2908,2015-11-13 09:02:13,650,507,273,516
197,Cutlery,6025,1999-08-01 17:35:31,314,350,688,771
198,Smoke alarm,4911,1981-03-19 11:21:55,740,748,593,813
199,Drying rack,50,2000-09-25 22:08:37,166,573,11,768
200,A mirror,1546,2016-06-17 13:51:51,917,883,715,748
201,Bedside table,147,1973-08-23 20:55:42,756,981,585,43
202,Lamp,858,2018-08-27 07:52:56,568,925,878,315
203,Soap,8148,2020-10-15 09:22:26,548,556,194,32
204,Chest of drawers,1933,1986-11-02 06:11:06,165,455,88,352
205,Thermometer,9999,2021-12-06 06:03:14,563,488,918,526
206,Lamp,589,2016-11-21 15:47:13,229,812,530,540
207,TV,2808,2013-12-04 00:46:30,926,128,738,301
208,Salt and pepper shakers,9385,2014-10-28 17:43:03,593,100,281,842
209,Bedside lamp,9434,1970-01-29 09:03:42,349,491,642,394
210,Curtains,2152,1997-10-26 10:54:13,991,224,130,271
211,Mop and bucket,5596,1990-08-03 23:11:35,505,771,558,182
212,Microwave,9303,1975-05-30 17:17:17,288,413,885,66
213,Limescale remover,1838,1988-10-16 05:30:17,989,97,805,637
214,Towel,695,2013-08-05 13:37:10,860,527,140,621
215,Crockery,949,1977-06-15 21:43:58,158,316,40,299
216,Mugs,5050,2016-05-18 10:06:06,693,723,222,492
217,Kettle,4312,2017-11-02 03:50:31,555,660,868,973
218,Chairs,926,2012-03-31 00:29:52,768,648,963,477
219,Toothbrush,2856,2006-01-31 15:16:18,890,789,958,641
220,Drying rack,5359,1996-11-30 13:24:23,348,920,467,320
221,Bedside table,3078,2004-11-07 19:07:54,883,368,531,166
222,Washing powder,163,2004-03-29 19:20:03,573,111,198,957
223,Microwave,8893,2006-03-13 07:47:46,152,557,299,996
224,Sharp knives,8382,2019-03-24 17:22:35,601,930,536,880
225,Coffee table,4195,2008-03-07 14:02:53,585,893,468,237
226,Bandages,4151,1985-05-07 09:37:15,453,902,974,189
227,Washing-up liquid,2916,1974-06-05 09:34:26,833,813,998,927
228,Serving platter,8121,2009-02-17 05:25:41,918,301,390,109
229,Wiping cloths,9775,1976-02-20 09:25:12,246,3,402,611
230,Bleach,8254,2005-09-23 09:52:26,598,916,752,752
231,Toothbrush,3334,2015-10-10 11:59:29,259,244,385,178
232,Bath Tubs,1175,2001-08-05 02:17:47,371,332,479,785
233,A mirror,3697,1974-02-03 11:42:59,572,502,891,379
234,Vegetable peeler,2517,2020-12-31 08:04:29,130,707,87,703
235,A clothes horse,6507,1970-02-13 11:09:10,495,767,479,245
236,Pots and pans,5609,1976-07-02 19:22:32,245,793,315,776
237,Bedside lamp,1366,1970-04-15 19:02:07,511,666,650,331
238,Kitchen roll,9099,2021-12-27 11:04:14,241,455,356,291
239,Bedside lamp,7902,1988-10-06 16:49:20,20,956,167,339
240,Duvet & pillows,3878,1980-10-14 08:40:25,788,601,8,184
241,Paper,6959,1993-07-05 04:56:34,747,373,210,493
242,Chairs,1915,1984-09-16 07:38:01,222,318,381,251
243,Hammer,1001,1972-10-16 15:04:55,404,199,344,761
244,Disinfectant,4875,1995-09-24 05:55:00,73,205,608,918
245,Floor cleaner,9630,2018-06-29 20:57:02,670,22,920,919
246,Measuring tape,1614,2008-11-25 02:32:06,350,163,620,70
247,Pens,4959,2007-07-16 05:55:18,729,566,761,743
248,Measuring tape,7850,2007-03-08 22:12:52,543,582,125,784
249,Towel,996,1971-09-19 09:24:38,198,814,336,474
250,Toilet brush,1273,1985-11-29 02:42:53,18,294,365,460
251,Glasses,2516,1982-10-12 12:01:42,157,82,256,915
252,Light bulbs,9704,1998-12-13 18:44:23,789,779,535,648
253,Thermometer,9425,2004-12-02 14:07:01,152,445,958,832
254,Wi-Fi,8902,2022-10-28 14:59:51,17,150,975,205
255,Nail scissors,2700,1984-09-30 16:09:17,810,742,525,670
256,Washing-up liquid,6494,1993-07-31 12:46:19,455,798,812,560
257,Toothpaste,5129,1993-05-01 07:23:44,934,729,374,155
258,Measuring tape,2043,1991-10-27 13:03:07,764,943,295,975
259,Lanterns,1922,2017-07-15 09:00:21,527,982,59,428
260,Torch,8781,1999-11-16 05:10:44,8,106,13,21
261,Painkillers,8886,1980-03-28 21:34:31,331,497,129,466
262,Hammer,1094,1996-10-31 20:42:23,266,448,983,900
263,Measuring jug,8813,1991-07-14 17:28:22,667,469,497,93
264,Toilet roll,5625,2016-11-16 10:09:05,559,855,919,219
265,Cutlery,4191,2004-07-11 06:11:15,766,127,464,114
266,Kitchen and bathroom spray,4079,1987-10-20 08:06:21,649,42,130,288
267,Shower squeegee,272,1976-07-06 09:53:03,159,161,132,176
268,Carbon monoxide alarm,9505,1972-02-05 11:23:05,628,310,260,620
269,Cutlery,376,1994-07-25 12:38:27,597,594,934,854
270,Kitchen and bathroom spray,6769,1990-11-10 04:25:12,843,478,681,546
271,Kitchen and bathroom spray,2693,2011-11-27 18:34:21,737,506,999,709
272,Sharp knives,5921,1984-10-27 12:52:08,187,479,123,862
273,Fire extinguisher,7496,1984-08-29 10:04:53,743,820,616,385
274,Bath Tubs,3103,1973-03-14 19:47:47,109,397,49,481
275,Lanterns,2742,1973-01-31 15:23:34,897,565,265,133
276,Couch,6937,1993-07-28 13:37:21,364,71,564,521
277,Painkillers,4286,1972-08-26 19:59:37,74,579,168,233
278,Pipes,4439,2020-09-25 05:18:30,143,212,674,170
279,Measuring jug,4991,1994-07-24 10:44:01,442,839,356,749
280,Oven gloves,9000,1971-11-14 08:26:48,915,197,602,186
281,Scales,9000,2010-02-06 15:54:08,855,173,387,293
282,Spatula,7320,2007-08-11 14:13:41,96,468,977,455
283,Scales,6807,2002-06-09 05:27:24,348,491,460,438
284,Floor cleaner,1897,1971-02-03 17:40:20,720,328,61,879
285,Duvet & pillows,3044,1993-06-23 01:34:03,724,678,483,211
286,Cutlery,4696,1999-04-02 19:35:23,98,680,859,696
287,Pots and pans,1494,1994-08-30 11:15:25,473,342,106,853
288,Sponge,1696,2012-03-06 18:53:40,746,469,108,500
289,Pliers,3394,1995-10-12 17:29:23,624,577,987,412
290,Carbon monoxide alarm,736,1978-12-20 23:38:51,338,404,311,526
291,Crockery,707,2011-06-01 05:43:54,885,305,225,101
292,A TV cable,3277,1993-02-09 05:39:28,39,30,737,668
293,Washing-up liquid,8175,1979-12-26 02:20:05,565,914,773,24
294,Hangers for your clothes,1480,2015-03-01 15:42:12,554,644,28,125
295,A TV cable,2836,1995-12-25 07:38:03,153,183,833,886
296,Carbon monoxide alarm,8055,2004-12-30 22:09:33,821,193,616,997
297,Nail scissors,6918,2008-01-05 10:41:48,165,652,739,784
298,TV,2472,2018-03-01 06:51:52,1,910,401,593
299,Scissors,6647,2017-01-09 22:41:53,663,998,233,155
300,Screwdrivers,1671,1981-01-30 14:49:39,796,56,629,899
301,Washing-up liquid,5881,2012-12-25 02:17:02,166,498,399,892
302,Painkillers,3043,1971-04-10 14:09:24,424,785,603,883
303,Carbon monoxide alarm,7650,1971-08-14 20:09:55,708,683,784,339
304,Cutlery,4800,1991-12-13 10:32:54,165,943,642,248
305,Kettle,1478,1983-11-16 09:26:40,725,292,800,38
306,Soap,6217,1979-02-05 11:15:17,815,243,332,857
307,Bedding,447,2009-03-22 09:13:36,139,34,573,61
308,Toilet roll,8514,1994-12-04 20:51:46,568,625,59,724
309,Floor cleaner,2898,2009-02-23 18:47:36,899,757,496,679
310,Serving platter,9536,1983-08-16 12:34:01,128,494,292,119
311,A clothes horse,7493,2021-08-04 03:32:53,3,585,546,248
312,Bandages,1426,1986-10-31 20:38:13,414,641,706,85
313,Salt and pepper shakers,4531,1985-09-07 17:35:53,911,824,913,702
314,Bottle opener,8765,1990-08-10 17:29:15,931,429,132,829
315,Pliers,6461,1982-02-04 12:29:39,170,721,760,391
316,Bedding,5278,2005-11-03 10:22:49,866,736,412,602
317,Measuring tape,2776,1987-12-22 16:49:51,177,835,287,803
318,Cutlery,6375,1985-08-25 13:06:03,844,47,406,180
319,Fire blanket,8534,2004-05-27 18:22:14,493,660,666,319
320,Light bulbs,9369,1992-02-10 03:59:42,258,860,584,135
321,Towel,7554,1993-10-21 01:19:10,402,531,628,472
322,Pots and pans,8863,1983-03-03 17:23:32,887,364,168,297
323,Serving platter,9918,1975-01-13 23:27:57,976,625,355,699
324,Toaster,1851,2008-09-01 09:55:27,902,911,204,966
325,A clothes horse,6982,1986-04-08 22:45:31,697,14,350,563
326,A TV cable,6010,2012-04-14 23:48:12,199,314,663,631
327,Sharp knives,3296,2001-01-20 19:13:41,346,845,832,168
328,Measuring tape,6903,2020-10-04 13:55:25,962,890,668,537
329,Crockery,4104,1973-04-23 00:51:21,339,787,18,753
330,Thermometer,8150,2000-09-19 21:51:00,747,758,297,279
331,Bandages,8411,1996-05-12 16:16:14,35,690,762,616
332,Screws,9686,1983-01-14 16:10:15,68,32,108,776
333,Toilet roll,8124,2004-05-06 05:29:34,67,935,657,141
334,Bleach,9872,1993-02-25 12:06:29,522,867,991,982
335,Tea towel,6995,2006-06-30 16:58:15,432,292,368,873
336,Drying rack,5850,1970-09-29 15:54:11,962,263,429,631
337,Lamp,3011,2010-02-11 02:31:59,255,571,859,109
338,Washing powder,2232,1998-07-02 17:48:59,238,738,92,492
339,Bottle opener,80,1983-05-14 07:31:10,448,570,679,435
340,Bleach,483,1981-06-16 16:03:05,682,202,695,771
341,Toilet brush,9349,1983-02-06 19:06:43,633,335,80,76
342,Chest of drawers,5268,1984-10-17 15:59:28,810,914,413,8
343,Toothbrush,3718,2013-07-04 02:29:38,324,812,989,63
344,Washing powder,4221,1973-07-20 17:09:16,909,240,904,433
345,Bath Tubs,8162,1975-12-17 13:33:57,662,697,900,603
346,Table,2846,2015-12-04 22:01:41,598,973,254,115
347,Feather duster,7870,2012-01-16 14:17:24,937,842,181,338
348,Light bulbs,2365,2009-10-06 11:34:17,447,223,784,950
349,Towel,9491,1987-03-15 13:36:54,825,236,522,557
350,Screws,3540,1974-05-10 11:47:20,977,231,924,510
351,Baking tray,5392,2019-01-29 02:30:21,483,304,640,153
352,Serving platter,8112,2013-12-07 11:32:45,459,25,12,858
353,Lamp,4182,1983-08-05 04:42:48,456,747,417,75
354,Measuring tape,7738,1983-03-20 21:17:04,241,454,151,516
355,Vacuum cleaner,5858,2019-10-04 12:20:29,259,892,760,12
356,Kitchen and bathroom spray,550,1972-10-15 23:25:35,546,181,265,287
357,Shower squeegee,4401,2003-08-21 21:31:17,888,708,956,596
358,A mirror,2227,1972-09-01 05:25:28,149,820,503,698
359,Light bulbs,7611,1998-09-13 07:12:30,946,963,217,910
360,Wooden spoon,8780,2020-08-29 00:45:28,585,875,801,613
361,Soap,1083,1996-10-15 04:24:29,146,437,851,900
362,Plug extension leads,5440,2020-08-03 07:20:42,122,4,462,365
363,Drying rack,2778,1976-12-07 18:09:08,604,137,529,515
364,Vegetable peeler,1297,1973-07-29 22:02:19,570,924,330,725
365,Toilet roll,7553,1991-06-17 22:15:59,629,411,880,932
366,Fire extinguisher,4497,2009-12-21 00:31:05,632,613,145,939
367,Duvet & pillows,8468,1975-11-11 09:20:52,560,525,352,325
368,Pens,8650,1977-05-02 06:39:51,699,594,548,606
369,Bedding,642,1971-10-03 02:25:57,151,199,320,504
370,Bathroom spray,4276,2001-05-23 06:31:56,980,424,282,800
371,A mirror,3973,1981-12-10 08:08:52,610,619,444,707
372,Bedside lamp,2375,2020-05-06 05:11:57,510,404,656,762
373,Washing powder,4259,1995-10-16 03:10:01,875,471,666,498
374,Table,6141,1991-01-21 20:30:58,916,655,998,450
375,Wooden spoon,7994,2022-06-04 06:15:52,639,113,600,192
376,Mugs,2141,2016-03-11 23:18:44,928,733,734,944
377,Scrubbers,3252,1998-10-14 18:10:39,720,256,509,282
378,Scales,6369,2013-03-10 16:34:07,634,745,660,702
379,Mop and bucket,7107,1991-06-23 10:09:08,580,198,601,888
380,Bath Tubs,4237,2009-05-24 03:42:51,974,733,632,251
381,Spatula,5618,1984-06-11 06:28:43,164,208,669,143
382,Can opener,2264,2015-05-31 12:56:11,838,254,867,906
383,Kitchen roll,7637,1981-03-19 05:40:30,395,34,168,647
384,Toilet roll,6468,2020-06-19 14:03:15,831,321,786,770
385,Table,9546,1975-09-03 15:00:43,259,198,905,391
386,Fire extinguisher,4299,1974-03-20 03:35:46,24,220,398,581
387,Vegetable peeler,7336,2022-03-08 10:39:12,577,811,740,99
388,Microwave,6355,2014-07-19 07:26:09,142,624,428,381
389,Toilet roll,9567,2019-06-26 03:19:15,356,270,558,18
390,Chest of drawers,4966,1975-01-17 08:37:56,803,552,621,773
391,Lanterns,3684,1994-09-16 21:53:10,151,152,681,6
392,Scissors,4163,2012-06-01 12:34:29,543,821,188,924
393,Scales,4724,1982-12-22 09:27:45,418,721,306,455
394,Toothbrush,5242,2005-07-17 14:13:14,76,385,860,956
395,Toilet roll holder,9183,1975-05-26 14:55:00,221,446,530,296
396,Washing-up liquid,8608,2005-07-27 10:11:40,777,660,433,258
397,Light bulbs,3012,2018-12-20 03:09:49,336,484,205,335
398,Drying rack,9766,1982-01-31 07:09:15,949,949,875,896
399,A clothes horse,2802,1976-04-07 05:36:20,353,35,334,620
400,Glasses,9689,2007-04-13 21:30:11,818,647,734,274
401,Bleach,7045,1978-04-08 23:43:02,831,720,197,27
402,Washing-up liquid,7844,1993-04-14 13:31:25,821,143,137,481
403,Salt and pepper shakers,8742,1976-11-05 18:48:15,220,925,431,718
404,Shower squeegee,8903,2016-05-20 04:31:35,727,301,3,711
405,Soap,9196,1973-10-18 08:28:36,447,845,27,154
406,Chest of drawers,2851,1992-02-24 22:48:27,988,337,791,329
407,General disinfectant,8111,1981-02-04 15:33:26,759,458,154,796
408,Glass cleaner,6778,1977-11-22 08:16:16,232,211,441,657
409,Rubbish bin and bin bags,4856,1970-07-31 18:08:55,104,449,1000,657
410,Wiping cloths,2670,1999-10-24 19:16:40,82,429,954,741
411,Bath Tubs,9692,1998-11-16 19:04:19,180,723,350,404
412,Plug extension leads,8039,2008-09-22 13:38:17,56,216,119,940
413,Pens,7572,2012-12-15 09:33:09,205,764,955,399
414,Rubbish bin and bin bags,9945,2021-10-29 06:22:17,226,155,736,50
415,Duvet & pillows,7575,1981-02-10 11:03:08,262,757,4,122
416,Washing powder,4343,1991-10-30 03:08:37,575,637,998,266
417,Limescale remover,4116,1994-01-12 15:46:36,951,763,579,282
418,Sponges,7423,2006-01-09 11:16:31,753,305,706,703
419,Dustpan and brush,3351,1997-10-19 21:16:12,953,911,563,784
420,Toilet brush,248,1998-08-31 01:24:16,608,68,37,687
421,Hand towel,9889,1984-07-20 20:02:48,953,37,13,562
422,Bleach,4889,2001-01-31 15:32:43,500,630,247,855
423,Nail scissors,4281,2000-06-09 21:40:30,23,562,510,722
424,Scissors,2498,1982-07-23 19:10:02,657,923,278,323
425,A clothes horse,8172,1984-01-26 00:15:55,52,271,996,210
426,Nail scissors,5057,1978-05-03 21:26:13,454,452,82,685
427,Glass cleaner,361,1972-10-06 11:53:36,620,742,821,608
428,Sharp knives,5731,2019-10-25 08:16:23,323,294,764,650
429,Toilet roll holder,4665,2002-05-25 06:09:36,465,209,742,874
430,Lamp,8425,1992-04-08 03:58:05,172,783,692,74
431,Mop and bucket,8362,2012-08-11 06:52:29,190,97,867,233
432,Painkillers,603,1978-09-07 19:54:32,314,502,580,769
433,Bin,3549,2006-11-26 11:26:33,301,800,500,360
434,Wiping cloths,9961,2009-06-27 12:11:24,388,137,508,98
435,Spatula,6150,2009-11-29 04:49:13,945,510,90,417
436,Mixing bowl,241,2014-02-16 11:41:32,329,851,570,429
437,Bathroom spray,4492,2016-05-22 19:09:12,254,383,574,543
438,Wiping cloths,3365,2004-11-30 23:34:39,943,19,427,172
439,Sponge,8146,2017-11-14 13:51:51,752,397,546,428
440,Kettle,5276,2014-10-18 21:14:16,369,965,676,605
441,Lamp,8239,1972-06-30 21:45:57,173,921,212,373
442,Microwave,3938,2012-04-18 04:47:47,415,900,191,725
443,Crockery,4663,1987-10-25 02:14:24,221,797,291,143
444,Hammer,2662,1981-08-24 02:58:52,777,186,549,600
445,Spatula,5205,1978-05-01 06:28:33,880,293,497,284
446,Glass cleaner,6109,2021-08-09 13:27:41,397,138,689,588
447,Bottle opener,9573,1978-06-24 20:02:34,727,605,739,270
448,Sharp knives,5756,2013-06-14 17:20:31,149,543,123,398
449,Glasses,7170,1988-07-25 05:29:52,204,51,637,640
450,Wiping cloths,2596,1973-02-09 08:05:37,469,479,103,795
451,Bandages,8806,2006-04-21 13:14:16,833,19,211,625
452,Chest of drawers,1007,1981-06-29 13:39:11,30,687,957,501
453,Light bulbs,4904,1978-08-12 20:53:25,96,628,272,673
454,Couch,5431,1970-09-15 10:22:29,612,265,401,809
455,Plug extension leads,7059,1983-05-24 22:27:43,541,935,12,141
456,Ladder,2057,2011-07-13 18:02:40,386,24,714,808
457,Bedding,4420,1997-07-04 19:20:31,140,571,395,147
458,Chairs,8485,1985-04-16 10:53:37,362,433,412,416
459,Sponge,1538,1985-09-02 02:56:23,719,303,546,745
460,Kitchen roll,9214,1993-08-16 06:51:09,911,864,783,456
461,Disinfectant,1203,1999-12-31 21:28:52,373,884,584,37
462,Scrubbers,9171,1979-09-01 23:15:34,664,21,850,234
463,Pens,5727,2019-12-28 19:50:09,400,922,773,954
464,Scissors,3914,1993-03-07 22:31:26,82,200,880,563
465,Nail scissors,5627,2006-12-18 20:37:42,714,466,656,155
466,Kitchen roll,2811,2007-01-02 16:54:14,866,998,162,751
467,Wi-Fi,1035,1976-08-18 16:27:23,538,208,712,270
468,Floor cleaner,123,2007-01-11 14:26:45,481,742,262,37
469,Screwdrivers,143,2002-12-26 23:30:01,360,473,390,431
470,Washing powder,9278,2012-11-21 12:21:01,541,509,751,875
471,Glasses,6922,1973-01-03 05:50:41,888,479,450,522
472,Mugs,2939,1977-07-30 22:23:18,1,392,801,537
473,Baking tray,5462,1999-10-18 19:16:39,701,310,180,375
474,Towel,9058,1995-01-20 01:01:26,697,506,719,43
475,Can opener,8423,2005-07-10 23:19:24,494,326,462,835
476,Hangers for your clothes,977,1980-03-13 14:51:10,31,668,694,858
477,Kitchen roll,59,1970-12-26 07:38:26,981,622,397,39
478,Sharp knives,1993,2006-07-27 18:28:32,710,41,554,92
479,Bin,7063,1973-01-07 12:34:43,53,948,803,453
480,Toilet brush,5692,1975-02-28 20:15:13,38,616,753,796
481,Pots and pans,2705,1994-07-09 12:01:04,616,336,440,330
482,Table,6851,1994-10-03 05:39:39,109,194,317,591
483,Lanterns,7801,1987-07-19 22:34:06,693,896,338,752
484,Batteries,6563,1985-02-22 09:48:06,800,416,780,947
485,Rubbish bin and bin bags,7142,2021-02-14 03:17:39,619,471,226,834
486,A clothes horse,3373,1991-12-14 05:11:31,377,725,876,380
487,Sponge,2865,2015-01-21 14:04:03,492,90,659,702
488,A mirror,7577,1993-01-05 03:20:41,8,760,331,891
489,Ladder,5848,2008-03-18 17:06:21,751,537,751,84
490,Fire blanket,1338,2006-07-20 16:12:58,383,843,664,757
491,Plug extension leads,8121,1972-12-09 16:30:16,212,757,88,900
492,Soap,5121,1988-02-17 18:39:56,47,320,569,814
493,Fire blanket,3946,1984-11-26 16:56:52,686,250,328,702
494,Fire blanket,5658,1996-07-02 16:31:01,718,306,712,744
495,Lanterns,6295,1984-05-26 08:54:46,865,637,132,662
496,Ladder,4808,2010-09-21 02:09:05,695,64,734,212
497,Wardrobe,6701,1994-06-26 13:47:41,845,349,568,176
498,Coffee table,5449,2005-07-18 19:26:10,96,851,576,190
499,Sponge,2266,2005-03-22 20:26:45,522,605,854,500
500,Limescale remover,3481,1977-04-12 10:41:36,851,958,403,282
501,Bath Tubs,3293,1989-10-05 03:59:10,864,145,230,816
502,Sharp knives,594,2010-12-05 17:53:42,253,197,764,758
503,Screws,5444,1988-10-31 22:18:16,253,839,891,525
504,Torch,3373,1994-10-09 19:02:07,440,280,886,807
505,Bandages,9278,1995-04-22 20:14:19,597,198,376,714
506,Kettle,2370,2020-10-06 03:22:41,443,973,574,833
507,Pliers,6522,2012-10-18 19:43:52,322,192,498,169
508,Mop and bucket,7178,2013-11-20 18:07:20,78,379,135,342
509,A TV cable,3438,1987-02-05 22:02:27,192,682,121,13
510,Scissors,9613,1978-05-27 23:04:10,118,342,790,742
511,Pliers,2450,1970-05-26 21:25:05,884,490,782,447
512,Nail scissors,8544,2008-08-15 21:57:44,18,988,198,262
513,Salt and pepper shakers,8923,2018-01-30 11:10:58,705,127,610,12
514,Measuring jug,7638,1987-03-28 17:35:14,658,974,872,855
515,Bathroom spray,7973,2006-01-21 18:10:45,165,743,62,538
516,Screws,785,2019-11-18 16:37:58,335,311,972,898
517,A TV cable,6212,1972-07-17 07:27:39,110,760,778,669
518,Oven gloves,8842,2006-06-07 07:18:07,462,443,118,325
519,Toaster,5208,2001-07-16 19:14:43,286,731,890,540
520,Rubbish bin and bin bags,3991,1998-05-04 06:35:19,293,169,397,669
521,Oven gloves,7941,1985-06-17 16:02:38,213,346,146,919
522,Soap,7725,1991-03-24 18:07:46,119,568,684,401
523,Sponge,9552,1983-09-03 03:04:07,181,829,916,874
524,Baking tray,8033,1970-08-02 03:30:03,682,547,54,459
525,Salt and pepper shakers,7261,2009-07-30 22:58:59,243,901,304,863
526,Feather duster,7840,1995-09-02 11:17:12,262,270,815,50
527,A clothes horse,4527,2009-11-01 20:24:09,640,822,420,857
528,Can opener,2199,2002-06-08 06:41:16,178,979,769,284
529,Wardrobe,515,2010-08-09 07:39:38,975,934,455,410
530,Can opener,5624,2007-10-09 05:48:29,921,296,615,865
531,Rubbish bin and bin bags,5264,1993-01-25 16:42:12,229,344,164,84
532,Kitchen roll,3709,1981-08-19 14:04:33,554,356,287,410
533,Glass cleaner,9145,1984-11-07 08:57:13,775,437,247,66
534,Screws,2282,1997-07-29 02:02:13,13,184,64,617
535,Shower squeegee,2770,1983-07-01 20:55:45,726,691,44,44
536,Measuring jug,8908,2006-02-22 13:08:57,236,298,387,857
537,Cutlery,3111,1986-08-22 14:49:12,117,295,769,245
538,Vacuum cleaner,1865,1975-05-13 05:19:56,284,212,14,532
539,Thermometer,2227,2005-06-29 20:05:42,735,889,410,767
540,Sellotape,4849,2015-04-01 01:39:51,92,168,389,240
541,Shower squeegee,3179,1987-07-16 04:55:15,604,777,906,314
542,Torch,2737,1974-05-22 20:08:42,302,475,218,288
543,Washing-up liquid,9919,1975-06-25 21:57:23,376,262,690,10
544,Bleach,7150,1979-08-03 23:15:07,970,365,915,500
545,Can opener,5679,2017-03-21 00:29:27,322,297,260,749
546,Shower squeegee,9029,1978-04-12 03:47:07,284,274,522,799
547,Shower squeegee,6175,1979-01-17 14:24:26,230,76,144,895
548,Measuring tape,231,1977-06-30 05:27:08,855,888,424,948
549,Toilet roll holder,8094,2008-04-22 21:26:32,690,560,39,699
550,Salt and pepper shakers,2854,1985-07-10 13:23:04,549,475,386,135
551,Soap,6303,2020-02-02 15:58:41,553,724,547,360
552,Lanterns,794,2019-01-14 01:49:34,871,204,157,579
553,Oven gloves,1340,1970-02-13 12:58:35,308,514,845,646
554,Cutlery,4165,2000-09-02 10:51:24,897,578,702,850
555,Bathroom spray,7482,1993-01-22 02:31:48,151,950,717,205
556,Bedding,9547,1976-01-02 20:03:50,983,472,340,365
557,TV,280,2008-10-13 10:41:01,870,75,965,965
558,Scrubbers,4711,2015-07-28 22:30:04,695,386,118,432
559,Lanterns,4243,2022-02-14 17:52:50,108,982,424,650
560,Plug extension leads,1672,1988-11-16 10:15:41,132,554,229,381
561,Cutlery,3296,1984-12-08 18:52:15,687,744,352,388
562,Bleach,555,2009-01-28 03:15:58,194,790,286,206
563,Plasters,6440,2011-05-10 13:25:18,185,44,769,720
564,Crockery,3521,2008-11-15 21:30:44,540,477,579,226
565,Toaster,3379,2010-03-10 00:37:32,605,859,331,987
566,Toothbrush,8328,1975-10-05 00:37:21,254,271,764,410
567,Toothpaste,591,1978-05-02 06:36:25,5,414,740,117
568,Duvet & pillows,4800,2022-06-27 12:58:20,18,42,475,33
569,Couch,9517,1985-03-02 15:08:43,982,115,519,746
570,Sponges,8204,1989-04-01 07:58:56,670,258,363,430
571,Shower squeegee,4903,1989-07-15 11:00:27,101,275,977,939
572,Carbon monoxide alarm,5755,2020-01-09 09:22:06,207,355,456,55
573,Mop and bucket,2775,1995-09-09 07:33:19,678,462,368,900
574,Measuring tape,1643,1999-08-30 13:15:39,400,194,535,909
575,Screwdrivers,3608,1994-04-28 00:46:24,837,84,717,972
576,Bleach,1832,2022-05-17 02:51:11,759,103,425,445
577,Glasses,8549,2001-06-13 20:29:28,357,4,463,590
578,Lamp,1778,1984-09-07 18:43:05,219,566,541,364
579,Hangers for your clothes,2881,2010-03-09 08:02:31,25,234,729,762
580,Drying rack,7771,1976-03-29 16:44:49,636,808,170,219
581,Colander,6638,1983-01-26 03:56:28,598,987,758,504
582,Dustpan and brush,1185,1987-02-06 13:05:57,944,410,51,573
583,Fire blanket,3606,2004-03-17 04:17:14,853,543,518,119
584,Mixing bowl,1935,1997-03-09 09:56:24,406,998,667,545
585,Light bulbs,3490,1978-06-24 21:17:57,283,129,467,801
586,Thermometer,8450,2003-02-01 13:43:28,538,992,237,144
587,Mixing bowl,3152,1998-03-01 10:28:11,196,982,719,645
588,Duvet & pillows,7667,1981-06-03 11:40:00,950,232,733,610
589,Limescale remover,7188,1983-01-16 21:24:25,312,342,654,290
590,General disinfectant,7075,1973-11-26 05:32:37,547,225,698,472
591,Toilet roll,6510,1991-07-03 10:21:28,445,411,686,628
592,Plug extension leads,8425,2014-11-01 22:30:13,6,718,791,1
593,Bath Tubs,6534,1989-12-15 18:44:18,764,674,666,621
594,Table,7293,2012-03-21 21:32:12,964,43,664,329
595,Tea towel,6188,2022-08-01 17:52:24,790,199,804,252
596,Fire extinguisher,1845,2015-06-29 23:42:10,61,411,477,233
597,Feather duster,1722,1975-10-09 06:57:12,185,992,846,403
598,Torch,1518,1983-05-11 08:13:13,458,377,427,906
599,Batteries,9226,1974-07-28 06:07:16,398,458,182,302
600,Bathroom spray,9718,1991-06-28 21:56:35,623,558,98,48
601,Batteries,1632,1999-06-07 08:44:40,347,526,874,116
602,Toilet brush,5183,1982-10-04 08:50:53,548,823,384,837
603,Nail scissors,9628,2001-12-28 05:15:08,171,678,640,692
604,Floor cleaner,7423,2007-04-10 00:41:52,918,613,168,927
605,Microwave,2277,2020-02-01 10:49:24,634,276,363,674
606,Bath Tubs,230,2014-02-21 22:53:34,625,835,398,64
607,Bedding,8418,2000-01-31 08:15:43,674,636,683,712
608,Shower squeegee,6594,2021-06-12 05:06:27,343,919,798,999
609,Bathroom spray,8177,1976-03-13 05:31:10,657,182,724,820
610,Bleach,3393,1980-12-18 04:49:48,66,938,260,355
611,Lanterns,6359,1971-12-02 04:37:48,633,782,467,778
612,Towel,5504,2012-01-07 03:47:23,714,835,571,784
613,Washing powder,7275,1986-01-18 19:07:20,900,839,402,739
614,Batteries,9770,2017-01-26 17:05:27,442,536,117,572
615,Hand towel,4818,2006-01-27 13:08:16,573,567,717,773
616,Washing-up liquid,5720,1974-06-29 00:38:43,304,434,491,450
617,Screws,5597,2015-11-06 17:39:39,314,287,47,28
618,Bandages,7972,1993-08-27 15:07:39,696,22,663,756
619,Washing-up liquid,8328,1989-02-08 14:14:55,158,413,585,239
620,Bedding,6411,2022-09-15 21:20:30,585,501,999,183
621,Painkillers,811,1992-08-24 01:35:44,682,960,99,850
622,Curtains,8505,1982-08-26 04:16:40,551,110,846,247
623,Mop and bucket,4997,1994-10-01 12:21:39,734,945,25,32
624,Scales,1273,1977-12-29 11:33:56,698,556,430,971
625,Glasses,8175,1976-05-31 07:47:11,431,737,666,98
626,Sharp knives,2233,2008-10-25 15:36:21,963,203,287,956
627,A mirror,4651,1981-01-04 16:33:25,307,472,694,919
628,Bathroom spray,3339,1980-07-02 06:55:56,838,539,322,538
629,Scrubbers,919,1996-03-05 07:36:04,960,169,583,418
630,Lamp,6044,1973-12-23 22:49:42,413,502,800,658
631,A mirror,8685,1984-11-02 13:27:13,192,395,909,69
632,Toilet roll,1436,2015-04-08 00:34:18,400,316,348,504
633,Lanterns,209,1979-06-22 23:51:17,190,430,215,275
634,Bathroom spray,4604,1970-07-16 13:18:37,474,808,915,503
635,Ladder,8640,2018-03-01 04:57:03,685,338,869,190
636,Mugs,5208,1998-02-05 14:29:37,353,494,812,670
637,Measuring jug,2018,2001-03-14 10:45:05,500,239,164,324
638,TV,7890,1973-10-12 04:21:37,5,814,77,879
639,Duvet & pillows,4529,2020-09-05 03:15:36,434,785,161,476
640,TV,8874,1975-12-29 00:51:26,789,602,490,12
641,Batteries,5519,2012-04-22 17:45:14,296,747,962,574
642,Toilet brush,7802,1971-11-11 01:53:01,345,906,374,641
643,Duvet & pillows,8834,1975-07-14 05:47:47,533,364,840,506
644,Paper,8549,1982-02-21 12:27:27,389,164,637,228
645,Bin,738,2020-03-21 13:47:06,970,182,612,632
646,Lanterns,1034,2022-05-06 06:28:23,519,276,422,7
647,Bedside lamp,4676,1970-09-06 09:34:02,585,199,705,55
648,Plug extension leads,7459,2002-07-17 14:17:22,119,228,752,602
649,Soap,554,1995-07-17 12:49:08,811,200,715,153
650,Fire blanket,3049,1979-10-17 07:27:28,365,888,406,938
651,Spatula,1802,2007-11-03 22:34:04,394,223,317,55
652,Plasters,7808,1982-02-12 19:29:05,289,230,945,786
653,Serving platter,3443,1981-08-18 19:09:19,50,125,343,958
654,A TV cable,57,1976-04-12 13:28:00,641,434,216,170
655,Vegetable peeler,4978,2013-09-19 21:04:44,996,552,376,358
656,Shower squeegee,542,1979-03-12 22:15:50,58,576,65,675
657,Washing-up liquid,7966,2022-10-27 20:57:08,329,429,688,283
658,Plasters,6504,1981-02-18 19:17:30,395,765,774,340
659,Vegetable peeler,9597,1999-08-03 04:21:13,566,834,362,339
660,Wooden spoon,6813,2022-01-03 16:07:29,999,806,266,787
661,TV,4422,1981-05-28 14:19:27,932,611,854,330
662,Thermometer,2049,1979-05-09 08:21:43,366,621,356,921
663,Paper,8726,1991-12-14 11:32:40,156,586,606,44
664,Plug extension leads,6123,2001-08-21 16:50:53,38,524,666,294
665,Kitchen roll,3146,1995-01-07 00:27:02,351,515,363,357
666,Kitchen roll,9218,2016-02-20 18:53:31,921,209,576,76
667,Pliers,9087,2001-04-16 09:29:01,389,727,475,577
668,Scissors,1443,1992-05-29 04:17:22,1000,771,309,34
669,Dustpan and brush,6960,1985-04-18 10:32:06,294,741,346,89
670,Coffee table,262,2017-03-06 02:23:48,749,460,987,652
671,Wi-Fi,4585,2019-02-20 16:20:21,823,573,160,660
672,Sponge,8803,2016-07-06 23:49:18,443,285,961,723
673,Chest of drawers,7697,2005-07-11 11:45:46,302,129,317,570
674,Vacuum cleaner,4988,1976-09-07 19:27:21,311,254,415,150
675,Drying rack,4130,2007-06-15 04:52:18,572,787,43,998
676,Scrubbers,1553,1996-03-16 14:03:53,881,617,661,438
677,Light bulbs,4501,2021-07-24 17:48:43,81,112,607,468
678,Toilet roll,526,2008-10-08 20:50:01,457,718,808,724
679,Hammer,7934,1995-10-03 03:15:21,107,645,729,575
680,Mop and bucket,8187,1980-09-26 00:15:36,1000,321,80,5
681,Kitchen roll,8200,1980-12-05 16:30:12,944,899,570,969
682,Disinfectant,218,2016-09-23 09:54:11,964,417,95,391
683,Nail scissors,174,1981-01-15 06:47:39,550,929,991,756
684,Sponge,291,1991-11-09 06:18:52,209,925,553,964
685,Toilet roll,2728,1986-10-22 00:59:57,790,140,519,640
686,Spatula,5862,1990-05-21 09:53:59,369,334,359,709
687,Oven gloves,6407,2004-11-08 08:46:25,307,123,286,35
688,Glasses,1905,1986-11-12 02:02:05,259,444,777,989
689,Floor cleaner,2890,2013-07-05 18:09:45,456,420,490,416
690,Lanterns,1193,1971-04-15 07:39:43,365,956,403,863
691,A clothes horse,679,1977-12-19 08:50:51,154,251,368,1000
692,Bandages,2379,2008-03-20 17:59:36,864,319,395,90
693,Disinfectant,1513,1983-04-06 15:14:48,441,93,219,582
694,Glasses,8030,2016-09-18 22:24:50,203,429,949,720
695,Feather duster,9355,1979-11-12 14:07:37,1000,517,167,949
696,Pens,8012,1971-01-14 23:21:53,209,122,791,309
697,Scissors,3986,1987-06-10 01:28:29,653,174,690,527
698,Shower squeegee,5605,2001-05-10 12:11:54,765,221,402,683
699,Bedding,1182,1996-10-28 12:37:01,666,368,380,680
700,Wardrobe,2599,1993-02-05 18:38:21,530,248,178,387
701,Washing powder,8757,1970-03-24 23:38:56,348,70,947,210
702,A mirror,8253,2019-12-08 19:30:25,997,132,12,358
703,Mugs,4732,1976-02-27 19:24:55,905,425,156,138
704,Coffee table,6158,2007-11-07 04:22:02,545,969,826,781
705,Bandages,8945,1982-08-03 11:25:37,636,186,368,688
706,Disinfectant,3362,2005-01-28 11:55:31,485,119,364,415
707,Limescale remover,8032,1990-05-12 11:17:24,880,787,285,200
708,Floor cleaner,3630,1981-10-29 07:21:43,397,681,175,16
709,Hammer,8547,1983-01-31 23:57:05,709,822,620,248
710,Washing-up liquid,4973,2000-03-05 09:20:59,848,681,463,92
711,Toothbrush,6202,2016-01-16 17:58:08,144,518,346,360
712,Coffee table,5252,1971-06-07 06:22:09,564,463,320,432
713,Kitchen and bathroom spray,5750,2007-11-18 14:45:45,727,101,857,762
714,Chairs,1834,1996-05-29 01:34:16,989,984,957,850
715,Measuring jug,5273,2009-09-16 09:35:22,272,761,631,812
716,Wooden spoon,9693,2002-07-02 14:26:58,230,199,146,62
717,Thermometer,1502,1974-05-02 18:59:50,848,586,77,966
718,Bleach,2653,2013-07-06 00:51:12,879,886,950,429
719,Wiping cloths,8342,2019-03-19 21:42:57,70,422,453,219
720,Pots and pans,7516,1991-11-28 01:41:04,697,999,684,765
721,Wi-Fi,6597,2000-09-08 09:05:30,607,487,1000,18
722,Carbon monoxide alarm,4736,1992-11-09 08:50:29,420,155,838,959
723,Coffee table,2782,1974-05-18 10:06:35,224,944,749,639
724,Plug extension leads,7675,1986-11-23 06:06:02,307,219,699,320
725,Mop and bucket,7583,2016-12-07 23:40:14,278,334,298,534
726,Tea towel,8277,1994-07-14 17:05:46,303,525,936,568
727,Thermometer,2153,1995-12-06 09:24:40,718,143,544,100
728,Feather duster,5783,1997-05-15 07:14:01,25,744,488,485
729,Duvet & pillows,8139,2022-04-09 23:50:25,203,440,724,788
730,Washing powder,996,1985-06-19 19:20:12,32,183,98,971
731,Dustpan and brush,3125,1998-04-09 05:52:59,953,109,886,48
732,Batteries,4469,1979-09-09 21:10:11,43,394,766,657
733,Toilet roll holder,8276,1995-12-01 15:47:03,174,794,899,658
734,Sellotape,7359,1973-05-25 08:35:38,223,65,314,458
735,Bleach,9244,2008-01-26 17:23:00,231,518,480,389
736,Hammer,9740,1987-01-22 03:49:47,381,843,333,597
737,Batteries,3394,2000-06-15 11:58:58,381,787,784,37
738,Nail scissors,6315,1983-07-03 23:33:50,848,524,670,17
739,Wardrobe,5621,2011-12-06 09:55:19,395,560,678,211
740,Sellotape,555,1981-06-20 16:52:36,140,841,833,882
741,Pens,3035,2004-01-19 22:48:47,418,671,328,925
742,Scissors,6843,2020-02-28 20:16:02,609,50,971,898
743,Dustpan and brush,2701,2008-04-03 19:31:06,761,919,722,709
744,Measuring tape,2066,2014-06-05 09:34:48,852,514,509,77
745,Bathroom mat,8328,2020-11-19 05:16:00,659,947,776,11
746,Baking tray,8992,1985-11-25 01:06:51,110,110,567,119
747,Tea towel,8786,1986-05-20 10:32:31,937,710,73,720
748,Pens,297,2008-05-26 14:54:41,356,724,629,238
749,Scrubbers,399,1988-12-27 21:43:42,931,557,888,572
750,Smoke alarm,2097,2010-03-16 07:44:13,527,602,892,807
751,Bedside lamp,152,1991-01-08 02:55:51,941,85,342,240
752,Bath Tubs,4661,2006-10-22 06:59:09,592,96,230,809
753,Bedside lamp,8594,2014-07-21 02:11:06,76,970,928,832
754,Glasses,6569,1976-07-01 20:48:28,363,410,361,945
755,Vegetable peeler,7733,2020-12-26 03:07:23,559,248,5,620
756,Drying rack,3558,2010-06-18 01:46:52,986,809,831,72
757,Nail scissors,636,1973-12-22 04:08:30,135,395,719,34
758,Measuring tape,7181,2012-12-03 22:03:34,322,262,257,429
759,Coffee table,2584,2003-10-15 20:13:16,256,970,598,553
760,Curtains,5589,1978-04-15 01:54:10,576,294,288,336
761,Shower squeegee,2504,1983-10-30 15:47:37,942,192,876,272
762,Hangers for your clothes,7696,2007-10-11 07:31:13,410,133,500,90
763,Oven gloves,9882,1993-06-25 17:04:57,757,342,421,909
764,Disinfectant,4027,2018-03-24 19:00:27,120,282,123,29
765,Oven gloves,5935,2007-05-13 13:08:26,547,245,80,527
766,Baking tray,5369,2009-09-20 23:22:59,851,553,300,626
767,Microwave,3510,2006-09-12 22:41:23,229,690,945,501
768,Toaster,4938,2004-05-08 03:47:42,143,731,617,35
769,Measuring jug,4396,2019-01-30 01:58:31,292,727,489,114
770,Bath Tubs,5069,2014-03-22 20:31:41,330,179,839,120
771,Sponges,7858,1976-11-30 07:38:46,865,317,215,848
772,Table,3408,1988-08-09 11:44:28,6,748,280,4
773,Pens,299,2001-04-29 05:38:28,251,224,783,523
774,Glasses,5302,1979-03-16 20:36:38,201,971,593,835
775,Paper,6776,2002-08-29 13:01:15,223,139,749,292
776,Sponge,4700,1984-05-12 02:38:59,490,991,629,11
777,Sponge,6558,2022-02-05 03:27:16,712,622,545,160
778,Toaster,2359,1974-03-22 04:57:21,620,145,353,807
779,Pens,4884,2010-05-03 02:16:19,461,686,770,491
780,TV,2384,1995-11-09 16:17:05,835,709,235,651
781,Coffee table,8129,2022-02-07 12:45:56,448,212,60,16
782,Bedside lamp,9054,2011-07-30 15:56:27,289,960,263,660
783,Hammer,5189,2021-06-28 05:38:10,99,786,374,24
784,General disinfectant,6893,1992-02-16 00:06:00,725,65,688,849
785,Baking tray,2156,2020-03-23 19:07:15,29,922,982,670
786,Soap,3953,2000-09-06 15:11:59,616,856,122,893
787,Sponge,6589,2012-08-08 01:13:42,504,62,456,986
788,Scissors,9960,1975-06-21 17:41:47,897,592,691,678
789,Screws,2498,1994-06-07 13:09:14,420,855,513,797
790,Torch,5820,1982-05-05 08:17:25,227,588,914,224
791,Table,2915,2013-05-15 07:00:53,250,293,927,128
792,Soap,1470,2000-08-27 19:01:28,921,204,157,814
793,Crockery,7337,1988-11-23 14:40:11,355,618,926,109
794,Nail scissors,1395,2005-11-18 23:44:00,366,151,675,616
795,Toilet roll,8137,2018-11-01 06:32:21,350,73,330,826
796,Feather duster,3133,2012-01-14 23:56:27,824,352,33,19
797,Pliers,6933,2013-10-18 18:29:55,963,936,596,868
798,Coffee table,2891,1995-03-06 13:51:06,289,136,502,960
799,Can opener,7164,1994-03-21 14:59:45,388,635,56,107
800,Bedside table,9030,2012-05-29 03:13:20,82,348,934,282
801,Toothpaste,9689,2013-12-22 05:07:13,55,6,108,918
802,Pliers,2273,2020-10-02 23:44:22,331,863,712,682
803,Toaster,5936,2000-12-30 22:09:44,212,984,127,487
804,Bath Tubs,4133,1978-02-15 06:12:33,253,156,720,411
805,Screwdrivers,9108,1982-03-04 07:51:41,144,99,672,253
806,Washing-up liquid,6898,2005-11-06 08:24:24,991,280,180,14
807,Wooden spoon,344,2016-03-20 12:56:27,491,888,690,525
808,Paper,3936,2011-02-02 03:49:00,442,29,528,137
809,Pliers,5507,1981-06-24 03:05:19,854,679,20,670
810,Bathroom mat,5559,1974-05-16 11:58:14,456,930,611,342
811,Toilet brush,4944,1990-10-09 14:15:08,513,308,634,654
812,TV,1943,1974-05-13 15:25:29,439,797,234,108
813,Smoke alarm,3951,2006-10-30 19:32:34,921,437,775,996
814,Chairs,3075,1991-12-12 18:31:17,485,328,187,367
815,Toothbrush,6389,1974-03-25 00:21:30,396,551,385,654
816,Screwdrivers,7295,1998-09-07 12:09:37,655,731,718,574
817,Drying rack,9266,1975-10-07 23:59:14,441,93,258,33
818,Toothbrush,3186,1976-03-01 22:23:05,210,514,706,753
819,Thermometer,7271,2014-12-27 09:02:54,612,401,819,345
820,Serving platter,9284,1986-03-01 02:04:32,669,69,264,520
821,Kitchen and bathroom spray,1450,2002-07-19 11:31:38,60,496,617,866
822,Bathroom spray,4300,1973-03-29 13:02:42,931,897,379,613
823,Mixing bowl,671,1994-09-03 08:32:43,34,367,231,650
824,Plasters,5234,1988-11-06 12:18:34,624,995,815,996
825,General disinfectant,2213,1987-08-30 11:46:06,89,140,132,102
826,Drying rack,5767,2000-04-01 00:59:38,827,500,815,798
827,Kettle,2815,1979-03-08 15:11:21,600,301,910,925
828,Bandages,5909,1978-12-01 07:13:22,704,206,344,504
829,Thermometer,5750,2002-03-29 00:43:43,648,465,269,655
830,Measuring tape,631,1984-08-07 07:28:47,476,338,556,437
831,Microwave,5481,1971-04-25 01:25:57,143,712,845,741
832,Salt and pepper shakers,3457,1993-02-24 13:39:18,398,207,103,561
833,Washing powder,505,1994-12-05 20:12:33,795,946,752,981
834,Spatula,2497,2007-06-04 23:47:24,575,697,448,705
835,Mixing bowl,3625,1993-06-09 06:05:29,83,754,600,912
836,Fire extinguisher,1968,2014-12-15 19:26:42,888,925,320,649
837,Drying rack,6190,1991-01-17 11:46:25,721,888,709,685
838,Toilet roll,6374,2000-06-23 00:49:22,331,100,195,684
839,Hand towel,2174,1983-04-22 04:30:05,930,731,58,847
840,Disinfectant,5607,1974-05-03 00:59:47,614,566,652,549
841,Glass cleaner,8499,1993-01-31 02:55:39,168,386,795,552
842,Light bulbs,8408,1976-10-29 13:58:46,326,452,691,830
843,Sharp knives,9703,2000-11-01 16:21:55,58,205,314,276
844,Carbon monoxide alarm,8248,2022-10-11 23:51:42,753,653,987,685
845,Crockery,9573,2002-10-18 21:06:04,177,976,813,787
846,Toilet roll holder,5273,2017-11-07 21:30:42,647,418,867,98
847,Hand towel,9844,2006-01-19 14:06:19,453,397,443,23
848,Pipes,2536,2014-04-30 08:05:19,327,497,903,760
849,Measuring jug,1984,2016-02-22 12:52:20,914,380,687,567
850,Kitchen and bathroom spray,5091,1991-12-05 11:13:56,956,255,562,141
851,Mixing bowl,497,1977-10-03 20:00:01,982,237,929,878
852,Mop and bucket,3160,1971-05-02 13:40:35,74,920,408,8
853,Disinfectant,6296,2008-09-18 05:21:16,549,179,248,945
854,Fire extinguisher,2768,1983-11-10 11:50:08,717,426,547,185
855,Plug extension leads,2159,2017-11-05 12:18:35,684,851,807,56
856,Toaster,2124,2006-09-27 11:27:18,752,425,404,317
857,Toothpaste,403,2018-12-05 17:42:16,924,539,933,111
858,Bleach,4115,1980-09-16 21:31:34,368,621,503,570
859,Light bulbs,6162,1979-04-10 06:27:48,343,717,207,370
860,A TV cable,6212,1993-02-14 17:57:49,554,546,910,992
861,Bedside lamp,803,2013-02-07 23:53:56,566,612,879,247
862,Wiping cloths,988,2010-03-31 12:10:22,811,237,180,988
863,Painkillers,4152,1976-10-13 00:08:02,476,298,182,876
864,Vacuum cleaner,4611,2021-10-10 02:47:27,108,180,508,911
865,Bedside lamp,1622,1971-01-05 16:12:07,253,726,244,143
866,Kettle,9247,2005-07-04 01:30:06,607,319,884,550
867,Bottle opener,2642,2014-06-15 07:19:07,330,370,174,137
868,Lanterns,5328,1975-01-28 03:22:19,232,236,163,251
869,Measuring jug,5318,1975-09-05 20:50:55,120,979,407,984
870,Vegetable peeler,4992,2015-03-14 21:51:42,617,107,6,849
871,Mop and bucket,8846,2022-01-25 09:22:32,377,47,621,782
872,Toilet roll holder,6852,1990-02-03 08:42:30,497,985,13,764
873,Scrubbers,6177,1994-04-06 18:05:16,496,393,642,364
874,Scrubbers,9056,2003-10-15 02:13:07,611,309,308,740
875,Bathroom mat,7388,2014-10-13 19:59:03,902,133,729,359
876,Wi-Fi,5605,1970-10-18 19:04:43,293,963,845,67
877,Fire extinguisher,4418,2014-04-10 07:10:52,213,654,469,181
878,Bedding,3752,1974-04-29 17:17:46,912,752,306,196
879,Coffee table,8197,1995-04-10 04:06:50,105,901,183,986
880,Thermometer,6991,1998-12-01 21:51:01,127,98,11,108
881,Coffee table,6264,1978-12-01 18:00:28,367,624,792,255
882,Sponges,3660,2003-06-01 04:27:15,513,939,69,664
883,Serving platter,9010,2022-05-08 18:32:10,767,334,898,912
884,Sponges,1635,2008-07-08 14:08:41,937,942,432,49
885,Washing powder,382,1973-06-19 13:37:36,162,445,308,556
886,Kitchen and bathroom spray,517,2004-05-23 14:13:42,779,394,618,746
887,Hand towel,7097,1997-06-08 06:21:13,328,360,614,278
888,Pots and pans,2491,2003-05-28 14:52:18,172,880,997,867
889,A clothes horse,4911,1986-03-28 08:25:13,191,742,559,328
890,Curtains,6040,1972-09-23 13:10:55,177,568,952,614
891,TV,6323,2000-01-29 17:18:50,475,747,205,319
892,Sharp knives,3271,2014-11-16 05:52:48,48,434,653,110
893,A TV cable,9895,2001-10-02 02:20:10,890,355,287,541
894,Plug extension leads,2522,1993-01-26 16:37:24,794,813,2,109
895,Mop and bucket,8928,1976-03-15 01:58:53,525,502,113,362
896,Kitchen and bathroom spray,4723,1992-01-02 06:52:39,973,238,394,26
897,Fire blanket,5964,2006-08-03 03:26:08,791,301,946,390
898,Scales,453,2005-07-03 14:25:20,266,357,903,820
899,A mirror,2305,1987-08-06 17:27:26,427,721,660,959
900,Mugs,8684,2000-07-23 16:22:11,19,325,895,305
901,Salt and pepper shakers,4785,1979-02-05 18:39:16,859,372,952,659
902,Plasters,9179,1983-09-12 08:09:59,563,630,817,692
903,Pipes,2512,2019-10-21 22:17:18,684,802,339,646
904,Mixing bowl,8702,2022-08-14 19:31:58,356,65,745,532
905,Bedding,2231,2004-08-20 02:44:55,766,762,966,672
906,Wi-Fi,5611,2011-08-28 05:39:41,680,541,130,871
907,Limescale remover,3295,1985-02-26 00:28:11,498,84,122,318
908,Light bulbs,9732,1975-06-23 10:24:40,1,633,667,491
909,A clothes horse,3003,1980-01-18 22:44:14,725,676,750,99
910,Pots and pans,2767,2014-04-27 01:59:49,218,904,308,371
911,Hand towel,3260,2013-04-25 12:31:26,176,372,960,4
912,Bin,6977,1982-03-26 07:29:42,668,175,721,499
913,Hangers for your clothes,8628,1976-05-25 16:52:43,388,727,772,856
914,A mirror,9542,2010-05-20 01:47:29,980,591,573,795
915,A clothes horse,1384,1987-04-06 17:40:55,58,660,976,790
916,Glasses,3391,1995-02-14 22:04:42,183,892,998,816
917,Couch,8215,2006-04-21 02:02:50,712,141,475,671
918,Salt and pepper shakers,6532,2016-02-22 11:38:52,434,268,637,31
919,Torch,3820,1997-07-01 00:48:18,934,844,618,489
920,Kettle,4339,1995-04-11 02:30:17,706,901,766,436
921,Vegetable peeler,9816,1995-07-26 04:11:07,358,957,91,258
922,Scissors,5391,1974-06-02 14:21:13,992,360,970,379
923,Toothbrush,7503,1974-02-28 19:38:54,475,833,404,367
924,Serving platter,2394,2009-10-22 23:24:14,307,908,894,807
925,Coffee table,6397,2012-03-01 11:59:48,585,914,658,756
926,Shower squeegee,512,1973-08-14 21:47:50,975,413,386,102
927,Washing-up liquid,6771,1980-05-14 16:26:05,742,335,460,50
928,Toilet roll holder,1065,1979-12-20 20:23:03,218,17,365,827
929,Scissors,7331,1990-07-24 07:31:33,257,262,505,326
930,Smoke alarm,2671,2001-12-28 02:21:56,349,761,41,862
931,Bathroom mat,9351,1975-05-25 09:12:05,38,71,648,888
932,Scissors,5298,1972-10-15 01:21:22,556,645,116,813
933,Ladder,1086,2020-10-30 18:51:49,59,609,908,630
934,Paper,1324,2012-01-26 07:42:00,434,757,158,368
935,Hangers for your clothes,183,1995-06-23 09:54:47,902,191,319,829
936,Bedside table,2201,1992-06-10 09:35:25,601,167,672,352
937,Limescale remover,6079,1980-07-02 03:01:24,710,444,601,897
938,Mixing bowl,9843,1995-10-11 06:46:18,63,337,823,78
939,Shower squeegee,4723,1993-07-02 01:23:48,279,548,416,9
940,Paper,3611,1997-06-06 10:14:51,850,112,498,320
941,Pliers,7222,1998-02-25 06:45:23,515,883,907,523
942,Pens,894,1977-10-13 13:13:22,233,677,925,669
943,Smoke alarm,5187,2001-01-31 22:12:28,385,537,740,904
944,Scales,9914,2022-04-21 22:01:21,533,416,175,81
945,Limescale remover,6666,2011-08-14 17:05:07,921,110,709,55
946,Torch,6300,1998-07-14 00:57:51,114,193,814,131
947,Oven gloves,3375,1981-12-14 01:18:47,862,171,58,466
948,Toilet roll,103,1999-03-21 11:14:05,844,252,418,895
949,A clothes horse,8766,1973-04-23 06:24:49,990,896,975,561
950,Sellotape,7116,2017-11-01 18:31:39,663,758,452,695
951,Smoke alarm,6454,2003-07-25 15:45:09,583,294,33,402
952,Pens,1337,1971-11-07 19:57:15,876,418,210,960
953,Washing-up liquid,9464,1984-11-07 20:40:30,626,298,22,278
954,Spatula,6539,1988-10-15 10:54:15,34,48,891,615
955,Vacuum cleaner,1941,1979-02-27 16:21:46,843,255,176,560
956,Lamp,7571,2021-03-05 16:39:32,48,975,199,689
957,Torch,3623,2019-04-19 02:06:01,596,437,52,626
958,Baking tray,8395,1981-06-19 04:57:37,271,482,225,887
959,Toothbrush,2492,2001-07-06 22:17:29,224,756,780,110
960,Smoke alarm,4650,1994-08-05 16:09:34,522,295,467,338
961,Duvet & pillows,9713,1972-08-26 10:45:24,509,146,590,463
962,Scrubbers,2576,2003-05-06 06:57:34,700,137,904,374
963,Oven gloves,1470,1993-04-16 18:19:12,726,947,652,136
964,Bleach,8448,2017-03-15 00:42:42,642,42,250,121
965,Bleach,1299,1994-04-19 06:15:17,85,505,265,323
966,Vegetable peeler,6223,2000-07-04 14:40:57,591,51,29,339
967,Mugs,9946,1975-04-08 09:16:31,445,920,610,255
968,Sharp knives,4700,1970-12-30 12:40:59,919,653,814,674
969,Hammer,573,2018-11-05 06:11:05,952,531,6,891
970,Toaster,3900,2015-10-20 20:36:30,219,336,410,516
971,Oven gloves,9179,2007-07-11 17:49:37,146,258,934,135
972,Can opener,4383,2010-07-02 06:18:31,151,407,751,628
973,Lanterns,5984,1978-10-16 22:40:38,505,319,141,143
974,Drying rack,6554,2004-05-05 23:43:28,922,530,254,179
975,Bedding,4564,1994-04-02 14:19:43,253,641,484,454
976,Scissors,6149,1978-10-30 00:20:52,501,367,510,774
977,Toilet brush,249,1983-02-06 19:55:03,730,721,358,515
978,Toilet roll holder,7798,1995-01-30 19:47:00,561,588,24,173
979,Light bulbs,8342,1984-07-25 10:24:59,352,908,785,142
980,Lamp,9418,1990-10-09 03:02:15,836,900,898,123
981,Toothpaste,3305,1995-09-24 16:10:29,491,763,866,793
982,Mugs,2534,2006-04-01 20:42:39,309,498,293,811
983,Wooden spoon,3604,1985-11-12 17:56:40,689,854,254,345
984,Sponges,2320,2001-05-30 18:36:27,707,346,91,707
985,Couch,7601,2019-06-30 19:20:23,562,16,370,509
986,Bin,6914,1995-07-04 16:52:30,802,85,964,140
987,Cutlery,5651,2018-03-14 09:22:20,762,68,215,618
988,Wiping cloths,9761,1980-01-17 22:29:49,568,427,207,391
989,Measuring jug,8433,2020-10-06 07:56:01,933,116,182,341
990,A clothes horse,9074,2013-08-17 22:19:23,418,4,462,253
991,Shower squeegee,6659,1978-09-08 09:30:01,666,550,788,66
992,Screwdrivers,9527,2013-12-24 04:57:10,475,24,926,425
993,Cutlery,8800,2010-01-21 06:40:29,378,166,12,553
994,Colander,8104,1983-11-11 15:16:31,764,626,458,955
995,Bathroom spray,3217,2010-11-13 13:45:22,562,332,407,348
996,Rubbish bin and bin bags,9535,1994-04-23 17:07:04,377,361,891,398
997,Bedside lamp,1429,2018-11-30 17:49:56,488,162,903,148
998,Bottle opener,6173,1972-12-12 21:38:39,874,778,115,464
999,Sharp knives,460,1987-06-21 00:48:08,648,690,863,513
1000,Scissors,5443,2007-09-08 05:12:10,181,878,561,229
